[{"model": "admin.logentry", "pk": 1, "fields": {"action_time": "2024-08-27T13:12:08.495", "user": 1, "content_type": 7, "object_id": "1110000525", "object_repr": "Anderson", "action_flag": 1, "change_message": "[{\"added\": {}}]"}}, {"model": "admin.logentry", "pk": 2, "fields": {"action_time": "2024-08-27T13:15:34.974", "user": 1, "content_type": 7, "object_id": "5648643168481", "object_repr": "Luis", "action_flag": 1, "change_message": "[{\"added\": {}}]"}}, {"model": "admin.logentry", "pk": 3, "fields": {"action_time": "2024-08-30T15:37:42.218", "user": 1, "content_type": 7, "object_id": "5841256357", "object_repr": "Luis Eduardo Sot Gómez (5841256357)", "action_flag": 1, "change_message": "[{\"added\": {}}]"}}, {"model": "admin.logentry", "pk": 4, "fields": {"action_time": "2024-08-30T15:38:29.599", "user": 1, "content_type": 8, "object_id": "1", "object_repr": "luedsogo", "action_flag": 1, "change_message": "[{\"added\": {}}]"}}, {"model": "admin.logentry", "pk": 5, "fields": {"action_time": "2024-09-02T14:49:16.242", "user": 1, "content_type": 7, "object_id": "1005024253", "object_repr": "Luis Eduardo Soto García (1005024253)", "action_flag": 2, "change_message": "[{\"changed\": {\"fields\": [\"Nombre completo\", \"Email\", \"Tipo documento\", \"Numero documento\", \"Numero telefono\"]}}]"}}, {"model": "admin.logentry", "pk": 6, "fields": {"action_time": "2024-09-02T14:49:50.698", "user": 1, "content_type": 7, "object_id": "13337850", "object_repr": "Luis Eduardo Soto Gómez (13337850)", "action_flag": 2, "change_message": "[{\"changed\": {\"fields\": [\"Nombre completo\", \"Email\", \"Tipo documento\", \"Numero documento\", \"Numero telefono\"]}}]"}}, {"model": "admin.logentry", "pk": 7, "fields": {"action_time": "2024-09-02T14:50:05.150", "user": 1, "content_type": 7, "object_id": "5841256357", "object_repr": "Luis Eduardo Sot Gómez (5841256357)", "action_flag": 3, "change_message": ""}}, {"model": "admin.logentry", "pk": 8, "fields": {"action_time": "2024-09-02T14:50:19.164", "user": 1, "content_type": 7, "object_id": "5648643168481", "object_repr": "Luis (5648643168481)", "action_flag": 3, "change_message": ""}}, {"model": "admin.logentry", "pk": 9, "fields": {"action_time": "2024-09-02T14:50:51.585", "user": 1, "content_type": 8, "object_id": "2", "object_repr": "lesg14", "action_flag": 1, "change_message": "[{\"added\": {}}]"}}, {"model": "admin.logentry", "pk": 10, "fields": {"action_time": "2024-09-08T23:41:37.887", "user": 1, "content_type": 10, "object_id": "1155504", "object_repr": "1155504", "action_flag": 1, "change_message": "[{\"added\": {}}]"}}, {"model": "admin.logentry", "pk": 11, "fields": {"action_time": "2024-09-08T23:42:39.051", "user": 1, "content_type": 9, "object_id": "1", "object_repr": "Acetaminomaifrien - Criolla", "action_flag": 1, "change_message": "[{\"added\": {}}]"}}, {"model": "admin.logentry", "pk": 12, "fields": {"action_time": "2024-09-12T07:06:20.524", "user": 1, "content_type": 8, "object_id": "2", "object_repr": "lesg14", "action_flag": 2, "change_message": "[{\"changed\": {\"fields\": [\"Numero documento\"]}}]"}}, {"model": "admin.logentry", "pk": 13, "fields": {"action_time": "2024-09-12T07:06:27.970", "user": 1, "content_type": 8, "object_id": "2", "object_repr": "lesg14", "action_flag": 2, "change_message": "[{\"changed\": {\"fields\": [\"Rol\"]}}]"}}, {"model": "admin.logentry", "pk": 14, "fields": {"action_time": "2024-09-12T07:06:46.800", "user": 1, "content_type": 8, "object_id": "2", "object_repr": "lesg14", "action_flag": 2, "change_message": "[{\"changed\": {\"fields\": [\"Last login\"]}}]"}}, {"model": "admin.logentry", "pk": 15, "fields": {"action_time": "2024-09-12T07:08:22.112", "user": 1, "content_type": 7, "object_id": "1110000525", "object_repr": "Anderson (1110000525)", "action_flag": 2, "change_message": "[{\"changed\": {\"fields\": [\"Tipo documento\"]}}]"}}, {"model": "admin.logentry", "pk": 16, "fields": {"action_time": "2024-09-19T14:11:38.619", "user": 1, "content_type": 12, "object_id": "1", "object_repr": "Factura 1 - Total: 200000", "action_flag": 1, "change_message": "[{\"added\": {}}]"}}, {"model": "admin.logentry", "pk": 17, "fields": {"action_time": "2024-09-19T14:11:46.755", "user": 1, "content_type": 12, "object_id": "1", "object_repr": "Factura 1 - Total: 200000.00", "action_flag": 3, "change_message": ""}}, {"model": "admin.logentry", "pk": 18, "fields": {"action_time": "2024-09-19T14:11:58.185", "user": 1, "content_type": 12, "object_id": "2", "object_repr": "Factura 2 - Total: 1230000", "action_flag": 1, "change_message": "[{\"added\": {}}]"}}, {"model": "admin.logentry", "pk": 19, "fields": {"action_time": "2024-09-23T16:16:26.732", "user": 1, "content_type": 7, "object_id": "13337850", "object_repr": "Luis Eduardo Soto Gómez (13337850)", "action_flag": 3, "change_message": ""}}, {"model": "admin.logentry", "pk": 20, "fields": {"action_time": "2024-09-23T16:17:06.839", "user": 1, "content_type": 10, "object_id": "1155504", "object_repr": "1155504", "action_flag": 2, "change_message": "[]"}}, {"model": "admin.logentry", "pk": 21, "fields": {"action_time": "2024-09-23T16:17:33.476", "user": 1, "content_type": 11, "object_id": "234253644735232", "object_repr": "234253644735232 - Acetaminomaifrien - disponible", "action_flag": 1, "change_message": "[{\"added\": {}}]"}}, {"model": "admin.logentry", "pk": 22, "fields": {"action_time": "2024-09-24T13:44:23.543", "user": 1, "content_type": 8, "object_id": "3", "object_repr": "luissoto", "action_flag": 1, "change_message": "[{\"added\": {}}]"}}, {"model": "admin.logentry", "pk": 23, "fields": {"action_time": "2024-09-24T13:44:55.383", "user": 1, "content_type": 8, "object_id": "4", "object_repr": "miafr", "action_flag": 1, "change_message": "[{\"added\": {}}]"}}, {"model": "admin.logentry", "pk": 24, "fields": {"action_time": "2024-09-24T13:46:26.880", "user": 1, "content_type": 8, "object_id": "5", "object_repr": "lesg", "action_flag": 1, "change_message": "[{\"added\": {}}]"}}, {"model": "admin.logentry", "pk": 25, "fields": {"action_time": "2024-09-25T21:08:44.955", "user": 1, "content_type": 9, "object_id": "4", "object_repr": "Acetaminofén - MK", "action_flag": 1, "change_message": "[{\"added\": {}}]"}}, {"model": "admin.logentry", "pk": 26, "fields": {"action_time": "2024-09-25T21:10:29.782", "user": 1, "content_type": 9, "object_id": "4", "object_repr": "Acetaminofén - MK", "action_flag": 2, "change_message": "[]"}}, {"model": "admin.logentry", "pk": 27, "fields": {"action_time": "2024-09-25T21:11:35.144", "user": 1, "content_type": 9, "object_id": "5", "object_repr": "Acetaminfén 120ML - Laproff", "action_flag": 1, "change_message": "[{\"added\": {}}]"}}, {"model": "admin.logentry", "pk": 28, "fields": {"action_time": "2024-09-25T21:12:40.049", "user": 1, "content_type": 9, "object_id": "6", "object_repr": "Cetirizina 5ML - Ecar", "action_flag": 1, "change_message": "[{\"added\": {}}]"}}, {"model": "admin.logentry", "pk": 29, "fields": {"action_time": "2024-09-25T21:15:23.351", "user": 1, "content_type": 9, "object_id": "7", "object_repr": "Omega 3 Colsrol - BPM", "action_flag": 1, "change_message": "[{\"added\": {}}]"}}, {"model": "admin.logentry", "pk": 30, "fields": {"action_time": "2024-09-26T13:14:57.966", "user": 1, "content_type": 11, "object_id": "124 134 345 345 654", "object_repr": "124 134 345 345 654 - Ibuprofeno - disponible", "action_flag": 1, "change_message": "[{\"added\": {}}]"}}, {"model": "admin.logentry", "pk": 31, "fields": {"action_time": "2024-09-26T13:15:24.921", "user": 1, "content_type": 10, "object_id": "681381 38161681", "object_repr": "681381 38161681", "action_flag": 1, "change_message": "[{\"added\": {}}]"}}, {"model": "admin.logentry", "pk": 32, "fields": {"action_time": "2024-09-26T13:15:31.332", "user": 1, "content_type": 11, "object_id": "651 981 651 651 981 653 168", "object_repr": "651 981 651 651 981 653 168 - Omega 3 Colsrol - disponible", "action_flag": 1, "change_message": "[{\"added\": {}}]"}}, {"model": "auth.permission", "fields": {"name": "Can add log entry", "content_type": 1, "codename": "add_logentry"}}, {"model": "auth.permission", "fields": {"name": "Can change log entry", "content_type": 1, "codename": "change_logentry"}}, {"model": "auth.permission", "fields": {"name": "Can delete log entry", "content_type": 1, "codename": "delete_logentry"}}, {"model": "auth.permission", "fields": {"name": "Can view log entry", "content_type": 1, "codename": "view_logentry"}}, {"model": "auth.permission", "fields": {"name": "Can add permission", "content_type": 2, "codename": "add_permission"}}, {"model": "auth.permission", "fields": {"name": "Can change permission", "content_type": 2, "codename": "change_permission"}}, {"model": "auth.permission", "fields": {"name": "Can delete permission", "content_type": 2, "codename": "delete_permission"}}, {"model": "auth.permission", "fields": {"name": "Can view permission", "content_type": 2, "codename": "view_permission"}}, {"model": "auth.permission", "fields": {"name": "Can add group", "content_type": 3, "codename": "add_group"}}, {"model": "auth.permission", "fields": {"name": "Can change group", "content_type": 3, "codename": "change_group"}}, {"model": "auth.permission", "fields": {"name": "Can delete group", "content_type": 3, "codename": "delete_group"}}, {"model": "auth.permission", "fields": {"name": "Can view group", "content_type": 3, "codename": "view_group"}}, {"model": "auth.permission", "fields": {"name": "Can add user", "content_type": 4, "codename": "add_user"}}, {"model": "auth.permission", "fields": {"name": "Can change user", "content_type": 4, "codename": "change_user"}}, {"model": "auth.permission", "fields": {"name": "Can delete user", "content_type": 4, "codename": "delete_user"}}, {"model": "auth.permission", "fields": {"name": "Can view user", "content_type": 4, "codename": "view_user"}}, {"model": "auth.permission", "fields": {"name": "Can add content type", "content_type": 5, "codename": "add_contenttype"}}, {"model": "auth.permission", "fields": {"name": "Can change content type", "content_type": 5, "codename": "change_contenttype"}}, {"model": "auth.permission", "fields": {"name": "Can delete content type", "content_type": 5, "codename": "delete_contenttype"}}, {"model": "auth.permission", "fields": {"name": "Can view content type", "content_type": 5, "codename": "view_contenttype"}}, {"model": "auth.permission", "fields": {"name": "Can add session", "content_type": 6, "codename": "add_session"}}, {"model": "auth.permission", "fields": {"name": "Can change session", "content_type": 6, "codename": "change_session"}}, {"model": "auth.permission", "fields": {"name": "Can delete session", "content_type": 6, "codename": "delete_session"}}, {"model": "auth.permission", "fields": {"name": "Can view session", "content_type": 6, "codename": "view_session"}}, {"model": "auth.permission", "fields": {"name": "Can add persona", "content_type": 7, "codename": "add_persona"}}, {"model": "auth.permission", "fields": {"name": "Can change persona", "content_type": 7, "codename": "change_persona"}}, {"model": "auth.permission", "fields": {"name": "Can delete persona", "content_type": 7, "codename": "delete_persona"}}, {"model": "auth.permission", "fields": {"name": "Can view persona", "content_type": 7, "codename": "view_persona"}}, {"model": "auth.permission", "fields": {"name": "Can add usuario", "content_type": 8, "codename": "add_usuario"}}, {"model": "auth.permission", "fields": {"name": "Can change usuario", "content_type": 8, "codename": "change_usuario"}}, {"model": "auth.permission", "fields": {"name": "Can delete usuario", "content_type": 8, "codename": "delete_usuario"}}, {"model": "auth.permission", "fields": {"name": "Can view usuario", "content_type": 8, "codename": "view_usuario"}}, {"model": "auth.permission", "fields": {"name": "Can add producto", "content_type": 9, "codename": "add_producto"}}, {"model": "auth.permission", "fields": {"name": "Can change producto", "content_type": 9, "codename": "change_producto"}}, {"model": "auth.permission", "fields": {"name": "Can delete producto", "content_type": 9, "codename": "delete_producto"}}, {"model": "auth.permission", "fields": {"name": "Can view producto", "content_type": 9, "codename": "view_producto"}}, {"model": "auth.permission", "fields": {"name": "Can add lote", "content_type": 10, "codename": "add_lote"}}, {"model": "auth.permission", "fields": {"name": "Can change lote", "content_type": 10, "codename": "change_lote"}}, {"model": "auth.permission", "fields": {"name": "Can delete lote", "content_type": 10, "codename": "delete_lote"}}, {"model": "auth.permission", "fields": {"name": "Can view lote", "content_type": 10, "codename": "view_lote"}}, {"model": "auth.permission", "fields": {"name": "Can add item", "content_type": 11, "codename": "add_item"}}, {"model": "auth.permission", "fields": {"name": "Can change item", "content_type": 11, "codename": "change_item"}}, {"model": "auth.permission", "fields": {"name": "Can delete item", "content_type": 11, "codename": "delete_item"}}, {"model": "auth.permission", "fields": {"name": "Can view item", "content_type": 11, "codename": "view_item"}}, {"model": "auth.permission", "fields": {"name": "Can add factura", "content_type": 12, "codename": "add_factura"}}, {"model": "auth.permission", "fields": {"name": "Can change factura", "content_type": 12, "codename": "change_factura"}}, {"model": "auth.permission", "fields": {"name": "Can delete factura", "content_type": 12, "codename": "delete_factura"}}, {"model": "auth.permission", "fields": {"name": "Can view factura", "content_type": 12, "codename": "view_factura"}}, {"model": "auth.permission", "fields": {"name": "Can add venta", "content_type": 13, "codename": "add_venta"}}, {"model": "auth.permission", "fields": {"name": "Can change venta", "content_type": 13, "codename": "change_venta"}}, {"model": "auth.permission", "fields": {"name": "Can delete venta", "content_type": 13, "codename": "delete_venta"}}, {"model": "auth.permission", "fields": {"name": "Can view venta", "content_type": 13, "codename": "view_venta"}}, {"model": "auth.user", "fields": {"password": "pbkdf2_sha256$870000$Wv4wYMNvshBux3QM4jeErj$0tKcXvJcSggcGqR4BgmE8ZisjmkmCl+HTB9JCkc7Ibc=", "last_login": "2024-09-29T15:57:25.640", "is_superuser": true, "username": "lesg", "first_name": "", "last_name": "", "email": "luis.sotto1423@gmail.com", "is_staff": true, "is_active": true, "date_joined": "2024-08-27T13:03:37.127", "groups": [], "user_permissions": []}}, {"model": "contenttypes.contenttype", "fields": {"app_label": "admin", "model": "logentry"}}, {"model": "contenttypes.contenttype", "fields": {"app_label": "auth", "model": "permission"}}, {"model": "contenttypes.contenttype", "fields": {"app_label": "auth", "model": "group"}}, {"model": "contenttypes.contenttype", "fields": {"app_label": "auth", "model": "user"}}, {"model": "contenttypes.contenttype", "fields": {"app_label": "contenttypes", "model": "contenttype"}}, {"model": "contenttypes.contenttype", "fields": {"app_label": "sessions", "model": "session"}}, {"model": "contenttypes.contenttype", "fields": {"app_label": "persona", "model": "persona"}}, {"model": "contenttypes.contenttype", "fields": {"app_label": "usuario", "model": "usuario"}}, {"model": "contenttypes.contenttype", "fields": {"app_label": "producto", "model": "producto"}}, {"model": "contenttypes.contenttype", "fields": {"app_label": "lote", "model": "lote"}}, {"model": "contenttypes.contenttype", "fields": {"app_label": "item", "model": "item"}}, {"model": "contenttypes.contenttype", "fields": {"app_label": "factura", "model": "factura"}}, {"model": "contenttypes.contenttype", "fields": {"app_label": "venta", "model": "venta"}}, {"model": "sessions.session", "pk": "0kbhgyy8a7e864l4huk2m1k1vb1u7vfx", "fields": {"session_data": ".eJxVjDsOwjAQBe_iGllx4i8lPWew1utdHEC2FCcV4u4QKQW0b2beS0TY1hK3TkucszgLJU6_WwJ8UN1BvkO9NYmtrsuc5K7Ig3Z5bZmel8P9OyjQy7cGDgh-AKVcJp21NwQEI0MYlQWNifzgrAqO2VibMhvPrBmJDE40efH-AA_pOTU:1stdnD:bnevHBwy4aY1m5hyKoa4zS4N5GYhsZW3qLMP6o3HykQ", "expire_date": "2024-10-09T20:59:43.860"}}, {"model": "sessions.session", "pk": "lhm0nfd57g86r29g1cy7xdiz9ecmb12x", "fields": {"session_data": ".eJxVjDsOwjAQBe_iGllx4i8lPWew1utdHEC2FCcV4u4QKQW0b2beS0TY1hK3TkucszgLJU6_WwJ8UN1BvkO9NYmtrsuc5K7Ig3Z5bZmel8P9OyjQy7cGDgh-AKVcJp21NwQEI0MYlQWNifzgrAqO2VibMhvPrBmJDE40efH-AA_pOTU:1stt0R:_614WvKq1Q-w20lh0NAgCqCB9PIVyVxjH3vGmHrWTrA", "expire_date": "2024-10-10T13:14:23.555"}}, {"model": "sessions.session", "pk": "tyurjv1v0n8lsxy4ksryhtuyjl7u46e2", "fields": {"session_data": ".eJxVjDsOwjAQBe_iGllx4i8lPWew1utdHEC2FCcV4u4QKQW0b2beS0TY1hK3TkucszgLJU6_WwJ8UN1BvkO9NYmtrsuc5K7Ig3Z5bZmel8P9OyjQy7cGDgh-AKVcJp21NwQEI0MYlQWNifzgrAqO2VibMhvPrBmJDE40efH-AA_pOTU:1sv0yr:y5peS8V9WI95IJYvUiCCSqGEsE45CtIAVKCwlSsZMag", "expire_date": "2024-10-13T15:57:25.652"}}, {"model": "persona.persona", "pk": "", "fields": {"nombre_completo": "Marie Fernández", "email": "", "tipo_documento": "", "numero_telefono": "3152323571"}}, {"model": "persona.persona", "pk": "1005024253", "fields": {"nombre_completo": "Luis Eduardo Soto García", "email": "luis.sotto1423@gmail.com", "tipo_documento": "CC", "numero_telefono": "3202740158"}}, {"model": "persona.persona", "pk": "101010101010", "fields": {"nombre_completo": "Sofía Ortega", "email": "sofiaortega@gmail.com", "tipo_documento": "CC", "numero_telefono": "31010101010"}}, {"model": "persona.persona", "pk": "101929423450", "fields": {"nombre_completo": "Erika Ortega", "email": "erikaortega@gmail.com", "tipo_documento": "CC", "numero_telefono": "31204945234"}}, {"model": "persona.persona", "pk": "133435", "fields": {"nombre_completo": "Eduardo Gómez", "email": "eduardogomez@gmail.com", "tipo_documento": "CC", "numero_telefono": "310881234"}}, {"model": "persona.persona", "pk": "23232323", "fields": {"nombre_completo": "Marie Alexandra Fernández", "email": "marieibeht@gmail.com", "tipo_documento": "CC", "numero_telefono": "3152323571"}}, {"model": "persona.persona", "pk": "270221", "fields": {"nombre_completo": "Niña María", "email": "ninamaria@gmail.com", "tipo_documento": "CC", "numero_telefono": "32027401588"}}, {"model": "persona.persona", "pk": "31122020", "fields": {"nombre_completo": "Thorcito", "email": "thor@gmail.com", "tipo_documento": "PA", "numero_telefono": "31523235"}}, {"model": "persona.persona", "pk": "37196834", "fields": {"nombre_completo": "Magali García", "email": "magaligarcia@gmail.com", "tipo_documento": "CC", "numero_telefono": "3144883425"}}, {"model": "persona.persona", "pk": "7410258963", "fields": {"nombre_completo": "Pepito Ramirez", "email": "pepito@gmail.com", "tipo_documento": "CE", "numero_telefono": "32015795"}}, {"model": "persona.persona", "pk": "991214", "fields": {"nombre_completo": "Maxx Betancur", "email": "maxx@gmail.com", "tipo_documento": "PA", "numero_telefono": "32027401332"}}, {"model": "usuario.usuario", "fields": {"last_login": "2024-09-24T13:44:01", "username": "luissoto", "password": "luissoto1423", "rol": "admin", "numero_documento": "1005024253", "status": "activo"}}, {"model": "usuario.usuario", "fields": {"last_login": "2024-09-24T13:44:31", "username": "miafr", "password": "miafr2310", "rol": "regente", "numero_documento": "23232323", "status": "activo"}}, {"model": "usuario.usuario", "fields": {"last_login": "2024-09-24T13:46:00", "username": "lesg", "password": "lesg3012", "rol": "regente", "numero_documento": "133435", "status": "inactivo"}}, {"model": "usuario.usuario", "fields": {"last_login": null, "username": "thor-menta", "password": "", "rol": "admin", "numero_documento": "31122020", "status": "activo"}}, {"model": "usuario.usuario", "fields": {"last_login": null, "username": "maxxcoco", "password": "", "rol": "regente", "numero_documento": "991214", "status": "inactivo"}}, {"model": "usuario.usuario", "fields": {"last_login": null, "username": "nina", "password": "pbkdf2_sha256$870000$FRi5F4yNUtx6QSKmyoscpN$x+IbDhJ2quis5VKMci94VFMQEnCw+uy1sEk1mKGlp0k=", "rol": "regente", "numero_documento": "270221", "status": "activo"}}, {"model": "usuario.usuario", "fields": {"last_login": null, "username": "sofiao", "password": "pbkdf2_sha256$870000$wh5tWX1bDbCFu0Vz4xVY6r$+XlnqixBZb9zhITtYUQJpzzNanqkOJj4YeIk4v7I0KQ=", "rol": "regente", "numero_documento": "101010101010", "status": "activo"}}, {"model": "producto.producto", "pk": 1, "fields": {"registro_invima": "2023M-12345-R2", "nombre": "Paracetamol", "marca": "Chanduzki", "presentacion": "Crema", "precio": "10000.00"}}, {"model": "producto.producto", "pk": 2, "fields": {"registro_invima": "2000M-667890", "nombre": "Ibuprofeno", "marca": "MK", "presentacion": "Tableta", "precio": "8000.00"}}, {"model": "producto.producto", "pk": 3, "fields": {"registro_invima": "2027M-01234-E2", "nombre": "Meloxicam", "marca": "JGB", "presentacion": "Capsula", "precio": "2000.00"}}, {"model": "producto.producto", "pk": 4, "fields": {"registro_invima": "2023M-015015-R3", "nombre": "Acetaminofén", "marca": "MK", "presentacion": "Tableta", "precio": "3000.00"}}, {"model": "producto.producto", "pk": 5, "fields": {"registro_invima": "002AC04  V06", "nombre": "Acetaminfén 120ML", "marca": "Laproff", "presentacion": "Jarabe", "precio": "12000.00"}}, {"model": "producto.producto", "pk": 6, "fields": {"registro_invima": "702184 020227", "nombre": "Cetirizina 5ML", "marca": "Ecar", "presentacion": "Jarabe", "precio": "8000.00"}}, {"model": "producto.producto", "pk": 7, "fields": {"registro_invima": "360 240 134", "nombre": "Omega 3 Colsrol", "marca": "BPM", "presentacion": "Capsula", "precio": "40000.00"}}, {"model": "lote.lote", "pk": "1234567890123", "fields": {"fecha_ingreso": "2024-09-25", "fecha_vencimiento": "2025-09-25"}}, {"model": "lote.lote", "pk": "681381 38161681", "fields": {"fecha_ingreso": "2024-09-26", "fecha_vencimiento": "2024-09-26"}}, {"model": "item.item", "pk": "11", "fields": {"producto_id": 1, "codigo_lote": "1234567890123", "estado": "disponible"}}, {"model": "item.item", "pk": "1234 4321 1324 4231", "fields": {"producto_id": 5, "codigo_lote": "681381 38161681", "estado": "vendido"}}, {"model": "item.item", "pk": "124 134 345 345 654", "fields": {"producto_id": 2, "codigo_lote": "1234567890123", "estado": "danado"}}, {"model": "item.item", "pk": "147852369", "fields": {"producto_id": 4, "codigo_lote": "681381 38161681", "estado": "vencido"}}, {"model": "item.item", "pk": "147852369951", "fields": {"producto_id": 2, "codigo_lote": "1234567890123", "estado": "disponible"}}, {"model": "item.item", "pk": "234253644735232", "fields": {"producto_id": 5, "codigo_lote": "681381 38161681", "estado": "danado"}}, {"model": "item.item", "pk": "651 981 651 651 981 653 168", "fields": {"producto_id": 7, "codigo_lote": "681381 38161681", "estado": "disponible"}}, {"model": "factura.factura", "pk": 3, "fields": {"fecha": "2024-09-28T14:45:00", "regente": 1, "total_pagar": "1500.00"}}, {"model": "factura.factura", "pk": 4, "fields": {"fecha": "2024-09-28T14:45:00", "regente": 1, "total_pagar": "1500.00"}}, {"model": "factura.factura", "pk": 5, "fields": {"fecha": "2024-09-27T22:52:00", "regente": 1, "total_pagar": "1214.00"}}, {"model": "factura.factura", "pk": 7, "fields": {"fecha": "2024-11-20T12:58:00", "regente": 1, "total_pagar": "10000.00"}}, {"model": "venta.venta", "pk": 2, "fields": {"factura_id": 5, "item_cod_barras": "11", "precio_unitario": "999.99"}}]